---,DisplayName,LayoutFile,FloorColor,WallColor,LightColor,FloorSurface,WallSurface,FloorTint,WallTint
Parlor,居間,Parlor.txt,"(R=0.20,G=0.12,B=0.08,A=1.0)","(R=0.33,G=0.12,B=0.18,A=1.0)","(R=1.00,G=0.71,B=0.45,A=1.0)",Wood01,Wood08,"(R=1.15,G=1.05,B=1.00,A=1.0)","(R=1.25,G=0.81,B=0.94,A=1.0)"
Study,書斎,Study.txt,"(R=0.20,G=0.12,B=0.08,A=1.0)","(R=0.12,G=0.23,B=0.33,A=1.0)","(R=1.00,G=0.78,B=0.45,A=1.0)",Wood03,Wood07,"(R=1.15,G=1.05,B=1.00,A=1.0)","(R=0.81,G=1.04,B=1.25,A=1.0)"
Nursery,子ども部屋,Nursery.txt,"(R=0.20,G=0.12,B=0.08,A=1.0)","(R=0.33,G=0.12,B=0.31,A=1.0)","(R=1.00,G=0.94,B=0.45,A=1.0)",Wood10,Wood12,"(R=1.15,G=1.05,B=1.00,A=1.0)","(R=1.25,G=0.81,B=1.21,A=1.0)"
Library,書庫,Library.txt,"(R=0.20,G=0.12,B=0.08,A=1.0)","(R=0.12,G=0.27,B=0.33,A=1.0)","(R=1.00,G=0.81,B=0.45,A=1.0)",Wood05,Wood08,"(R=1.15,G=1.05,B=1.00,A=1.0)","(R=0.81,G=1.12,B=1.25,A=1.0)"
Dining,食堂,Dining.txt,"(R=0.20,G=0.12,B=0.08,A=1.0)","(R=0.33,G=0.14,B=0.12,A=1.0)","(R=1.00,G=0.68,B=0.45,A=1.0)",Wood09,Wood14,"(R=1.15,G=1.05,B=1.00,A=1.0)","(R=1.25,G=0.86,B=0.81,A=1.0)"
Storeroom,物置,Storeroom.txt,"(R=0.20,G=0.12,B=0.08,A=1.0)","(R=0.22,G=0.33,B=0.12,A=1.0)","(R=1.00,G=0.98,B=0.45,A=1.0)",Wood11,Wood04,"(R=1.15,G=1.05,B=1.00,A=1.0)","(R=1.03,G=1.25,B=0.81,A=1.0)"
Rooms,客間,Rooms.txt,"(R=0.20,G=0.12,B=0.08,A=1.0)","(R=0.33,G=0.12,B=0.22,A=1.0)","(R=1.00,G=0.45,B=0.62,A=1.0)",Wood07,Wood08,"(R=1.15,G=1.05,B=1.00,A=1.0)","(R=1.25,G=0.81,B=1.02,A=1.0)"
Cellar,地下室,Cellar.txt,"(R=0.20,G=0.12,B=0.08,A=1.0)","(R=0.16,G=0.33,B=0.12,A=1.0)","(R=1.00,G=0.88,B=0.45,A=1.0)",Wood15,Stone,"(R=1.15,G=1.05,B=1.00,A=1.0)","(R=0.90,G=1.25,B=0.81,A=1.0)"
Gallery,回廊,Gallery.txt,"(R=0.20,G=0.12,B=0.08,A=1.0)","(R=0.16,G=0.12,B=0.33,A=1.0)","(R=0.45,G=0.67,B=1.00,A=1.0)",Wood06,Wood07,"(R=1.15,G=1.05,B=1.00,A=1.0)","(R=0.90,G=0.81,B=1.25,A=1.0)"
Hall,大広間,Hall.txt,"(R=0.20,G=0.12,B=0.08,A=1.0)","(R=0.29,G=0.12,B=0.33,A=1.0)","(R=1.00,G=0.71,B=0.45,A=1.0)",Wood01,Wood08,"(R=1.15,G=1.05,B=1.00,A=1.0)","(R=1.16,G=0.81,B=1.25,A=1.0)"
Conservatory,温室,Conservatory.txt,"(R=0.20,G=0.12,B=0.08,A=1.0)","(R=0.12,G=0.33,B=0.18,A=1.0)","(R=0.89,G=1.00,B=0.45,A=1.0)",Wood13,Wood12,"(R=1.15,G=1.05,B=1.00,A=1.0)","(R=0.81,G=1.25,B=0.94,A=1.0)"
Archive,文書庫,Archive.txt,"(R=0.20,G=0.12,B=0.08,A=1.0)","(R=0.12,G=0.20,B=0.33,A=1.0)","(R=1.00,G=0.85,B=0.45,A=1.0)",Wood03,Wood14,"(R=1.15,G=1.05,B=1.00,A=1.0)","(R=0.81,G=0.99,B=1.25,A=1.0)"
Attic,屋根裏,Attic.txt,"(R=0.20,G=0.12,B=0.08,A=1.0)","(R=0.33,G=0.24,B=0.12,A=1.0)","(R=1.00,G=0.85,B=0.45,A=1.0)",Wood04,Wood11,"(R=1.15,G=1.05,B=1.00,A=1.0)","(R=1.25,G=1.08,B=0.81,A=1.0)"
Chapel,礼拝堂,Chapel.txt,"(R=0.20,G=0.12,B=0.08,A=1.0)","(R=0.12,G=0.12,B=0.33,A=1.0)","(R=0.45,G=0.74,B=1.00,A=1.0)",Wood10,Wood07,"(R=1.15,G=1.05,B=1.00,A=1.0)","(R=0.81,G=0.83,B=1.25,A=1.0)"
ClockHall,時計の間,ClockHall.txt,"(R=0.20,G=0.12,B=0.08,A=1.0)","(R=0.12,G=0.33,B=0.30,A=1.0)","(R=1.00,G=0.91,B=0.45,A=1.0)",Wood06,Wood08,"(R=1.15,G=1.05,B=1.00,A=1.0)","(R=0.81,G=1.25,B=1.20,A=1.0)"
GuestWing,離れ,GuestWing.txt,"(R=0.20,G=0.12,B=0.08,A=1.0)","(R=0.33,G=0.12,B=0.15,A=1.0)","(R=1.00,G=0.45,B=0.71,A=1.0)",Wood09,Wood12,"(R=1.15,G=1.05,B=1.00,A=1.0)","(R=1.25,G=0.81,B=0.89,A=1.0)"
GreatLibrary,大書庫,GreatLibrary.txt,"(R=0.20,G=0.12,B=0.08,A=1.0)","(R=0.12,G=0.25,B=0.33,A=1.0)","(R=1.00,G=0.81,B=0.45,A=1.0)",Wood05,Wood14,"(R=1.15,G=1.05,B=1.00,A=1.0)","(R=0.81,G=1.09,B=1.25,A=1.0)"
Labyrinth,迷いの間,Labyrinth.txt,"(R=0.20,G=0.12,B=0.08,A=1.0)","(R=0.12,G=0.33,B=0.12,A=1.0)","(R=0.56,G=1.00,B=0.45,A=1.0)",Wood16,Stone,"(R=1.15,G=1.05,B=1.00,A=1.0)","(R=0.82,G=1.25,B=0.81,A=1.0)"
Ballroom,舞踏室,Ballroom.txt,"(R=0.20,G=0.12,B=0.08,A=1.0)","(R=0.33,G=0.12,B=0.33,A=1.0)","(R=1.00,G=0.85,B=0.45,A=1.0)",Wood02,Wood07,"(R=1.15,G=1.05,B=1.00,A=1.0)","(R=1.24,G=0.81,B=1.25,A=1.0)"
Throne,主の間,Throne.txt,"(R=0.20,G=0.12,B=0.08,A=1.0)","(R=0.33,G=0.12,B=0.12,A=1.0)","(R=1.00,G=0.65,B=0.45,A=1.0)",Wood06,Wood08,"(R=1.15,G=1.05,B=1.00,A=1.0)","(R=1.25,G=0.81,B=0.81,A=1.0)"
