---,HideDuration,OniTypes,NumTreasures,ClearReward,OniDamage,OniHearingRadius,OniSpeedBonus,Map
1,30,"(Balanced)",3,100,1,1200,0,Hall
2,35,"(Balanced,Balanced)",3,400,1.6,1300,15,Hall
3,40,"(Balanced,Balanced,Treasure)",4,1600,2.56,1400,30,Hall
4,45,"(Balanced,Scout)",3,6400,4.096,1500,45,Library
5,50,"(Balanced,Breaker)",3,25600,6.554,1600,60,Library
6,55,"(Balanced,Careful,Careful)",3,102400,10.486,1700,75,Library
7,60,"(Balanced,Treasure,Detector)",4,409600,16.777,1800,90,Rooms
8,65,"(Balanced,Scout,Breaker,Treasure)",4,1638400,26.844,1900,105,Rooms
9,70,"(Balanced,Scout,Careful,Careful)",3,6553600,42.95,2000,120,Rooms
10,75,"(Balanced,Breaker,Breaker,Careful,Detector)",3,26214400,68.719,2100,135,Storeroom
11,80,"(Scout,Careful,Careful,Treasure,Detector)",4,104857600,109.95,2200,150,Storeroom
12,85,"(Balanced,Scout,Breaker,Careful,Careful,Detector)",4,419430400,175.92,2300,165,Storeroom
13,90,"(Scout,Breaker,Careful,Careful,Treasure,Detector)",4,1677721600,281.47,2400,180,Gallery