---,BaseColor,Normal,Roughness,Tint,Metallic,RoughnessScale,UVScale,Emissive,Desaturate
Wood01,/Game/Kakurenbo/Wood/Wood01_Base_Color.Wood01_Base_Color,/Game/Kakurenbo/Wood/Wood01_Normal.Wood01_Normal,/Game/Kakurenbo/Wood/Wood01_Roughness.Wood01_Roughness,"(R=1.0,G=1.0,B=1.0,A=1.0)",0,1,1,0,0
Wood02,/Game/Kakurenbo/Wood/Wood02_Base_Color.Wood02_Base_Color,/Game/Kakurenbo/Wood/Wood02_Normal.Wood02_Normal,/Game/Kakurenbo/Wood/Wood02_Roughness.Wood02_Roughness,"(R=1.0,G=1.0,B=1.0,A=1.0)",0,1,1,0,0
Wood03,/Game/Kakurenbo/Wood/Wood03_Base_Color.Wood03_Base_Color,/Game/Kakurenbo/Wood/Wood03_Normal.Wood03_Normal,/Game/Kakurenbo/Wood/Wood03_Roughness.Wood03_Roughness,"(R=1.0,G=1.0,B=1.0,A=1.0)",0,1,1,0,0
Wood04,/Game/Kakurenbo/Wood/Wood04_Base_Color.Wood04_Base_Color,/Game/Kakurenbo/Wood/Wood04_Normal.Wood04_Normal,/Game/Kakurenbo/Wood/Wood04_Roughness.Wood04_Roughness,"(R=1.0,G=1.0,B=1.0,A=1.0)",0,1,1,0,0
Wood05,/Game/Kakurenbo/Wood/Wood05_Base_Color.Wood05_Base_Color,/Game/Kakurenbo/Wood/Wood05_Normal.Wood05_Normal,/Game/Kakurenbo/Wood/Wood05_Roughness.Wood05_Roughness,"(R=1.0,G=1.0,B=1.0,A=1.0)",0,1,1,0,0
Wood06,/Game/Kakurenbo/Wood/Wood06_Base_Color.Wood06_Base_Color,/Game/Kakurenbo/Wood/Wood06_Normal.Wood06_Normal,/Game/Kakurenbo/Wood/Wood06_Roughness.Wood06_Roughness,"(R=1.0,G=1.0,B=1.0,A=1.0)",0,1,1,0,0
Wood07,/Game/Kakurenbo/Wood/Wood07_Base_Color.Wood07_Base_Color,/Game/Kakurenbo/Wood/Wood07_Normal.Wood07_Normal,/Game/Kakurenbo/Wood/Wood07_Roughness.Wood07_Roughness,"(R=1.0,G=1.0,B=1.0,A=1.0)",0,1,1,0,0
Wood08,/Game/Kakurenbo/Wood/Wood08_Base_Color.Wood08_Base_Color,/Game/Kakurenbo/Wood/Wood08_Normal.Wood08_Normal,/Game/Kakurenbo/Wood/Wood08_Roughness.Wood08_Roughness,"(R=1.0,G=1.0,B=1.0,A=1.0)",0,1,1,0,0
Wood09,/Game/Kakurenbo/Wood/Wood09_Base_Color.Wood09_Base_Color,/Game/Kakurenbo/Wood/Wood09_Normal.Wood09_Normal,/Game/Kakurenbo/Wood/Wood09_Roughness.Wood09_Roughness,"(R=1.0,G=1.0,B=1.0,A=1.0)",0,1,1,0,0
Wood10,/Game/Kakurenbo/Wood/Wood10_Base_Color.Wood10_Base_Color,/Game/Kakurenbo/Wood/Wood10_Normal.Wood10_Normal,/Game/Kakurenbo/Wood/Wood10_Roughness.Wood10_Roughness,"(R=1.0,G=1.0,B=1.0,A=1.0)",0,1,1,0,0
Wood11,/Game/Kakurenbo/Wood/Wood11_Base_Color.Wood11_Base_Color,/Game/Kakurenbo/Wood/Wood11_Normal.Wood11_Normal,/Game/Kakurenbo/Wood/Wood11_Roughness.Wood11_Roughness,"(R=1.0,G=1.0,B=1.0,A=1.0)",0,1,1,0,0
Wood12,/Game/Kakurenbo/Wood/Wood12_Base_Color.Wood12_Base_Color,/Game/Kakurenbo/Wood/Wood12_Normal.Wood12_Normal,/Game/Kakurenbo/Wood/Wood12_Roughness.Wood12_Roughness,"(R=1.0,G=1.0,B=1.0,A=1.0)",0,1,1,0,0
Wood13,/Game/Kakurenbo/Wood/Wood13_Base_Color.Wood13_Base_Color,/Game/Kakurenbo/Wood/Wood13_Normal.Wood13_Normal,/Game/Kakurenbo/Wood/Wood13_Roughness.Wood13_Roughness,"(R=1.0,G=1.0,B=1.0,A=1.0)",0,1,1,0,0
Wood14,/Game/Kakurenbo/Wood/Wood14_Base_Color.Wood14_Base_Color,/Game/Kakurenbo/Wood/Wood14_Normal.Wood14_Normal,/Game/Kakurenbo/Wood/Wood14_Roughness.Wood14_Roughness,"(R=1.0,G=1.0,B=1.0,A=1.0)",0,1,1,0,0
Wood15,/Game/Kakurenbo/Wood/Wood15_Base_Color.Wood15_Base_Color,/Game/Kakurenbo/Wood/Wood15_Normal.Wood15_Normal,/Game/Kakurenbo/Wood/Wood15_Roughness.Wood15_Roughness,"(R=1.0,G=1.0,B=1.0,A=1.0)",0,1,1,0,0
Wood16,/Game/Kakurenbo/Wood/Wood16_Base_Color.Wood16_Base_Color,/Game/Kakurenbo/Wood/Wood16_Normal.Wood16_Normal,/Game/Kakurenbo/Wood/Wood16_Roughness.Wood16_Roughness,"(R=1.0,G=1.0,B=1.0,A=1.0)",0,1,1,0,0
Metal,/Game/Metallic_Floor/Textures/T_Metallic_Floor_BC.T_Metallic_Floor_BC,/Game/Metallic_Floor/Textures/T_Metallic_Floor_N.T_Metallic_Floor_N,/Game/Metallic_Floor/Textures/T_Metallic_Floor_R.T_Metallic_Floor_R,"(R=1.0,G=1.0,B=1.0,A=1.0)",0.8,1,1,0,0
Gem,/Game/Gem/Diamond_Master2_BaseColor.Diamond_Master2_BaseColor,/Game/Gem/Diamond_Shape2_Diamond_Master2_Normal.Diamond_Shape2_Diamond_Master2_Normal,/Game/Gem/Diamond_Master2_Roughness.Diamond_Master2_Roughness,"(R=1.0,G=1.0,B=1.0,A=1.0)",0.3,0.6,1,0.6,0
Player,/Game/Player/CharacterTexture_BaseColor.CharacterTexture_BaseColor,,/Game/Player/CharacterTexture_Roughness.CharacterTexture_Roughness,"(R=1.0,G=1.0,B=1.0,A=1.0)",0,1,1,0,0
WoodWall,/Game/Kakurenbo/Wood/Wood09_Base_Color.Wood09_Base_Color,/Game/Kakurenbo/Wood/Wood09_Normal.Wood09_Normal,/Game/Kakurenbo/Wood/Wood09_Roughness.Wood09_Roughness,"(R=1.25,G=1.6,B=1.85,A=1.0)",0,1,1,0,0.85
StoneWall,/Game/Materials_Bundle_Vol1/Textures/T_Hand_painted_stone_wall_texture/T_Hand_painted_stone_wall_texture_albedo.T_Hand_painted_stone_wall_texture_albedo,/Game/Materials_Bundle_Vol1/Textures/T_Hand_painted_stone_wall_texture/T_Hand_painted_stone_wall_texture_normal.T_Hand_painted_stone_wall_texture_normal,/Game/Materials_Bundle_Vol1/Textures/T_Hand_painted_stone_wall_texture/T_Hand_painted_stone_wall_texture_roughness.T_Hand_painted_stone_wall_texture_roughness,"(R=1.1,G=1.1,B=1.15,A=1.0)",0,1,1,0,0
IronWall,/Game/Metallic_Floor/Textures/T_Metallic_Floor_BC.T_Metallic_Floor_BC,/Game/Metallic_Floor/Textures/T_Metallic_Floor_N.T_Metallic_Floor_N,/Game/Metallic_Floor/Textures/T_Metallic_Floor_R.T_Metallic_Floor_R,"(R=1.1,G=1.25,B=1.6,A=1.0)",0.85,0.8,1,0,0
QuietWall,/Game/QuietWall/Stucco_Wall_vigrejf_2K_BaseColor.Stucco_Wall_vigrejf_2K_BaseColor,/Game/QuietWall/Stucco_Wall_vigrejf_2K_Normal.Stucco_Wall_vigrejf_2K_Normal,/Game/QuietWall/Stucco_Wall_vigrejf_2K_Roughness.Stucco_Wall_vigrejf_2K_Roughness,"(R=1.0,G=0.9,B=1.25,A=1.0)",0,1,1,0,0
Stone,/Game/Materials_Bundle_Vol1/Textures/T_Hand_painted_stone_wall_texture/T_Hand_painted_stone_wall_texture_albedo.T_Hand_painted_stone_wall_texture_albedo,/Game/Materials_Bundle_Vol1/Textures/T_Hand_painted_stone_wall_texture/T_Hand_painted_stone_wall_texture_normal.T_Hand_painted_stone_wall_texture_normal,/Game/Materials_Bundle_Vol1/Textures/T_Hand_painted_stone_wall_texture/T_Hand_painted_stone_wall_texture_roughness.T_Hand_painted_stone_wall_texture_roughness,"(R=1.0,G=1.0,B=1.0,A=1.0)",0,1,1,0,0
